[{"name":"actionsEdit","value":"e"},{"name":"actionsOpen","value":"o"},{"name":"actionsRemove","value":"shift+3"},{"name":"actionsRotateStar","value":"s"},{"name":"appCreateNote","value":"c"},{"name":"appKeyboardHelp","value":"?"},{"name":"appLang","value":""},{"name":"appProfiles","value":"[\"notes-db\"]"},{"name":"appSearch","value":"/"},{"name":"appVersion","value":"0.5.0"},{"name":"cloudStorage","value":"0","updated":1492612988841,"created":1491657515849},{"name":"dropboxKey","value":""},{"name":"editMode","value":"fullscreen","updated":1503318688950,"created":1503318688950},{"name":"encrypt","value":"1","updated":1491657515834,"created":1491657515834},{"name":"encryptBackup","value":{}},{"name":"encryptIter","value":"10000"},{"name":"encryptKeySize","value":"256"},{"name":"encryptPass","value":[34790384,-243710649,2040258523,720243028,270284843,1381031933,2139116959,-1463355376],"updated":1491657515855,"created":1491657515855},{"name":"encryptSalt","value":"8A4F6064 3425FA8A BE036B82","updated":1491657515842,"created":1491657515842},{"name":"encryptTag","value":"128"},{"name":"firstStart","value":"0","updated":1491657516190,"created":1491657516190},{"name":"jumpFavorite","value":"g f"},{"name":"jumpInbox","value":"g i"},{"name":"jumpNotebook","value":"g n"},{"name":"jumpOpenTasks","value":"g o"},{"name":"jumpRemoved","value":"g t"},{"name":"navigateBottom","value":"j"},{"name":"navigateTop","value":"k"},{"name":"pagination","value":"10"},{"name":"sortnotebooks","value":"name","updated":1491676616357,"created":1491676616357},{"name":"useDefaultConfigs","value":"1"}]