[{"id":"001fb4a4-7680-1cb2-2116-43594f583a57","type":"notebooks","parentId":"e42272d9-ee01-aa06-f40e-e0ca15f04af8","name":"Solidity","count":0,"trash":0,"created":1505946557321,"updated":1505946557321},{"id":"0660041f-4113-294c-988f-b2ce527c8a79","type":"notebooks","parentId":"0","name":"Sociology","count":0,"trash":0,"created":1492451594738,"updated":1501029940647},{"id":"0cf0711a-b8bb-a177-1df4-c344877567fe","type":"notebooks","parentId":"0","name":"","count":0,"trash":2,"created":0,"updated":1501029392546},{"id":"154259d3-5083-8300-6026-d85ec6d775e8","type":"notebooks","parentId":"e42272d9-ee01-aa06-f40e-e0ca15f04af8","name":"Block360","count":0,"trash":0,"created":1505947929700,"updated":1515513493128},{"id":"2cfb22cd-0e76-8447-447c-79ac62bfc98b","type":"notebooks","parentId":"c9dba55f-405a-702b-062e-5aa0b2733858","name":"Hacking","count":0,"trash":0,"created":1492168372795,"updated":1492168372795},{"id":"446bb9d4-e3ea-1dab-c02e-2fed9ab504f5","type":"notebooks","parentId":"c9dba55f-405a-702b-062e-5aa0b2733858","name":"Glutton","count":0,"trash":0,"created":1492168478668,"updated":1492168478668},{"id":"4c50bab0-6c9e-1340-e362-8567bad04a13","type":"notebooks","parentId":"0","name":"","count":0,"trash":2,"created":0,"updated":1501029949570},{"id":"5071ae6f-63d3-c6a7-2138-ccb709c548f8","type":"notebooks","parentId":"e42272d9-ee01-aa06-f40e-e0ca15f04af8","name":"Student Community","count":0,"trash":0,"created":1505946520744,"updated":1505946520744},{"id":"53856fe1-afa8-88f7-9475-edf41fafb8a9","type":"notebooks","parentId":"0","name":"","count":0,"trash":2,"created":0,"updated":1501029402503},{"id":"583ef1d4-f95e-1ceb-f395-6ffabc6f7080","type":"notebooks","parentId":"e42272d9-ee01-aa06-f40e-e0ca15f04af8","name":"Notary","count":0,"trash":0,"created":1501029659437,"updated":1505946979373},{"id":"6505de28-80fa-048a-d2c8-432ff22ffcad","type":"notebooks","parentId":"0","name":"","count":0,"trash":2,"created":0,"updated":1501029721423},{"id":"656530fc-102d-4ed0-c1d3-10584b23df89","type":"notebooks","parentId":"0","name":"Freelancing","count":0,"trash":0,"created":1492167674302,"updated":1492167840899},{"id":"7c2f6638-5e3a-750b-66a6-9f87923f3cf5","type":"notebooks","parentId":"0","name":"Personal Development","count":0,"trash":0,"created":1492168235151,"updated":1492168235151},{"id":"93c7fe6b-bca1-592c-8ccd-a69ef2a02e96","type":"notebooks","parentId":"0","name":"","count":0,"trash":2,"created":0,"updated":1501029909933},{"id":"9c031187-9cee-8716-3aa0-15ea76ad525d","type":"notebooks","parentId":"e42272d9-ee01-aa06-f40e-e0ca15f04af8","name":"Cryptocurrencies","count":0,"trash":0,"created":1497241693898,"updated":1505946934177},{"id":"a2f4cff8-5964-fa2f-72c9-8d327710afb8","type":"notebooks","parentId":"c9dba55f-405a-702b-062e-5aa0b2733858","name":"Conn-manager","count":0,"trash":0,"created":1492168465865,"updated":1492168465865},{"id":"a63238e2-6ad5-352c-fe4c-1b48aee61255","type":"notebooks","parentId":"0","name":"Shopping","count":0,"trash":0,"created":1491726354589,"updated":1491726354589},{"id":"a8c03686-4001-d56e-dadf-40896d15aec7","type":"notebooks","parentId":"0","name":"","count":0,"trash":2,"created":0,"updated":1501029812345},{"id":"aaed814e-128a-d6df-52eb-1e174eb284c3","type":"notebooks","parentId":"0","name":"Diet","count":0,"trash":0,"created":1491712014057,"updated":1491712014056},{"id":"b400951d-31fb-44e0-e600-e6f2a74229e5","type":"notebooks","parentId":"0","name":"Party Time","count":0,"trash":0,"created":1501029871287,"updated":1501029871287},{"id":"c4f87bf3-ea9a-0c45-6431-766e12d42fad","type":"notebooks","parentId":"c9dba55f-405a-702b-062e-5aa0b2733858","name":"Freki","count":0,"trash":0,"created":1492168491985,"updated":1492168491984},{"id":"c9dba55f-405a-702b-062e-5aa0b2733858","type":"notebooks","parentId":"0","name":"ASERG","count":0,"trash":0,"created":1492168035984,"updated":1492168035984},{"id":"cd3894b0-3c15-b7ee-2ccb-f3d4c96acaa0","type":"notebooks","parentId":"0","name":"","count":0,"trash":2,"created":0,"updated":1501029823751},{"id":"e3735be6-9f67-c18a-1126-f79397e10cca","type":"notebooks","parentId":"e42272d9-ee01-aa06-f40e-e0ca15f04af8","name":"Ethereum Code Base Concepts","count":0,"trash":0,"created":1505946636715,"updated":1505946636715},{"id":"e42272d9-ee01-aa06-f40e-e0ca15f04af8","type":"notebooks","parentId":"0","name":"BlockChain","count":0,"trash":0,"created":1501029610079,"updated":1501029610079},{"id":"e4422169-4fea-5bbd-2f32-0cb91a7abfec","type":"notebooks","parentId":"c9dba55f-405a-702b-062e-5aa0b2733858","name":"Golang","count":0,"trash":0,"created":1492168339083,"updated":1492168339083},{"id":"f41cc684-a7e0-98dd-4b25-91f48384c2df","type":"notebooks","parentId":"0","name":"","count":0,"trash":2,"created":0,"updated":1501029887382},{"id":"f5535e1f-2ed0-1745-ea87-b668113514f5","type":"notebooks","parentId":"e42272d9-ee01-aa06-f40e-e0ca15f04af8","name":"Draglet","count":0,"trash":0,"created":1501029507860,"updated":1505946994336},{"id":"ff28c072-232e-e6b6-efe1-d82686525eb3","type":"notebooks","parentId":"0","name":"TimeTable","count":0,"trash":0,"created":1491657663624,"updated":1508636811942},{"id":"ff353f4e-cdba-5356-8b8d-9b83caaed58c","type":"notebooks","parentId":"e42272d9-ee01-aa06-f40e-e0ca15f04af8","name":"DApps","count":0,"trash":0,"created":1505952331160,"updated":1505952331160}]